keywords,theme,tone,prompt
"moonlight, poetry, tea, heartbreak",creativity,inspired and expressive,"Write 2-3 short, creative tweets about unleashing artistic inspiration through moonlight, poetry, tea, heartbreak. Weave a narrative that captures the magic and emotion of moonlight, poetry, tea, heartbreak. Use a inspired and expressive tone that draws readers into the story."
"books, thunder, candle, blanket",comfort,warm and nurturing,"Write 2-3 creative, vivid posts about finding warmth and comfort in the familiar embrace of books, thunder, candle, blanket. Build a compelling narrative around books, thunder, candle, blanket with rich character development and atmospheric details. Use a warm and nurturing tone that creates an immersive storytelling experience."
"karachi, street, food, tasty, delicious",urban_life,dynamic and observant,"Write 2-3 vivid, emotional tweets about navigating the dynamic rhythm of karachi, street, food, tasty, delicious in the city. Focus on the sensory experience and emotional connection to karachi, street, food, tasty, delicious. Use a dynamic and observant tone that captures the essence of culinary storytelling."
"dessert, italian, romantic",comfort,warm and nurturing,"Write 2-3 creative, vivid posts about finding warmth and comfort in the familiar embrace of dessert, italian, romantic. Build a compelling narrative around dessert, italian, romantic with rich character development and atmospheric details. Use a warm and nurturing tone that creates an immersive storytelling experience."
"dessert, italian, romantic",comfort,warm and nurturing,"Write 2-3 creative, vivid posts about finding warmth and comfort in the familiar embrace of dessert, italian, romantic. Build a compelling narrative around dessert, italian, romantic with rich character development and atmospheric details. Use a warm and nurturing tone that creates an immersive storytelling experience."
"snack, mexican, elegant, forest, pasta, thunderstorm, story",creativity,inspired and expressive,"Write 2-3 expressive, inspiring posts about unleashing artistic inspiration through snack, mexican, elegant, forest, pasta, thunderstorm, story. Explore the artistic and creative dimensions of snack, mexican, elegant, forest, pasta, thunderstorm, story with vivid imagery and metaphorical language. Use a inspired and expressive tone that encourages creative thinking and artistic exploration."
"house, fire, humans, firefighter",comfort,warm and nurturing,"Write 2-3 creative, vivid posts about finding warmth and comfort in the familiar embrace of house, fire, humans, firefighter. Build a compelling narrative around house, fire, humans, firefighter with rich character development and atmospheric details. Use a warm and nurturing tone that creates an immersive storytelling experience."
"apple, pie, biscuit, coffee",creativity,inspired and expressive,"Write 2-3 vivid, emotional tweets about unleashing artistic inspiration through apple, pie, biscuit, coffee. Focus on the sensory experience and emotional connection to apple, pie, biscuit, coffee. Use a inspired and expressive tone that captures the essence of culinary storytelling."
"karachi, street, food, tasty, stalls",urban_life,dynamic and observant,"Write 2-3 vivid, emotional tweets about navigating the dynamic rhythm of karachi, street, food, tasty, stalls in the city. Focus on the sensory experience and emotional connection to karachi, street, food, tasty, stalls. Use a dynamic and observant tone that captures the essence of culinary storytelling."
"tea, cold",comfort,warm and nurturing,"Write 2-3 vivid, emotional tweets about finding warmth and comfort in the familiar embrace of tea, cold. Focus on the sensory experience and emotional connection to tea, cold. Use a warm and nurturing tone that captures the essence of culinary storytelling."
"karachi, street, food, stalls, tasty, environment",urban_life,dynamic and observant,"Write 2-3 vivid, emotional tweets about navigating the dynamic rhythm of karachi, street, food, stalls, tasty, environment in the city. Focus on the sensory experience and emotional connection to karachi, street, food, stalls, tasty, environment. Use a dynamic and observant tone that captures the essence of culinary storytelling."
"karachi, street, food, tasty",urban_life,dynamic and observant,"Write 2-3 vivid, emotional tweets about navigating the dynamic rhythm of karachi, street, food, tasty in the city. Focus on the sensory experience and emotional connection to karachi, street, food, tasty. Use a dynamic and observant tone that captures the essence of culinary storytelling."
"love, insight, taste, life, feelings",comfort,warm and nurturing,"Write 2-3 short, creative tweets about finding warmth and comfort in the familiar embrace of love, insight, taste, life, feelings. Weave a narrative that captures the magic and emotion of love, insight, taste, life, feelings. Use a warm and nurturing tone that draws readers into the story."
"karachi, street, life, houses, cleanliness",urban_life,"dynamically observant and keenly aware, with a sharp eye for the poetry hidden in city rhythms","Create 2-3 captivating, emotionally resonant tweets about navigating the electric pulse of the city where karachi, street, life, houses, cleanliness becomes the heartbeat of modern existence. 

Focus on:
- Sensory details: Describe the textures, aromas, flavors, and visual appeal of karachi, street, life, houses, cleanliness
- Emotional storytelling: Connect each element to personal memories, cultural significance, or universal human experiences
- Culinary artistry: Highlight the craftsmanship, tradition, or innovation behind karachi, street, life, houses, cleanliness
- Social connection: Show how food brings people together and creates shared moments

Use a dynamically observant and keenly aware, with a sharp eye for the poetry hidden in city rhythms tone with rich, evocative language that transports readers to the moment. Include specific details about preparation, presentation, and the emotional journey of experiencing karachi, street, life, houses, cleanliness. Make each tweet a complete sensory and emotional experience that leaves readers craving more."
"help, patient, heatlh, life",comfort,"warmly nurturing and lovingly gentle, with a soothing presence that feels like coming home","Write 2-3 creative, vivid tweets about wrapping ourselves in the warm embrace of familiarity where help, patient, heatlh, life becomes the soft blanket that soothes our soul. Build a compelling narrative around help, patient, heatlh, life with rich character development and atmospheric details. Use a warmly nurturing and lovingly gentle, with a soothing presence that feels like coming home tone that creates an immersive storytelling experience. Each tweet should tell a complete miniature story with a beginning, middle, and end, using magical realism and poetic language to transform ordinary moments into extraordinary tales."
"karachi, street, food, life, hygiene",urban_life,"dynamically observant and keenly aware, with a sharp eye for the poetry hidden in city rhythms","Write 2-3 creative, vivid tweets about navigating the electric pulse of the city where karachi, street, food, life, hygiene becomes the heartbeat of modern existence. Build a compelling narrative around karachi, street, food, life, hygiene with rich character development and atmospheric details. Use a dynamically observant and keenly aware, with a sharp eye for the poetry hidden in city rhythms tone that creates an immersive storytelling experience. Each tweet should transport readers to the moment, making them feel the textures, aromas, and emotions of the culinary journey."
"karachi, street, food, life, happiness, friend, hyigiene",urban_life,"dynamically observant and keenly aware, with a sharp eye for the poetry hidden in city rhythms","karachi, street, food, life, happiness, friend, hygiene. üî•üç¥üåÜ

In Karachi's bustling streets, where life zips by at an endless pace, a group of friends gather around a steaming plate of street food to savor the flavors of their beloved city. As they share laughter and stories, the scents of spices and grilled meats mingle"
"karachi, street, food, life, happiness, friend, hygiene",urban_life,"dynamically observant and keenly aware, with a sharp eye for the poetry hidden in city rhythms","Generate 2 or 3 tweets on the basis of this prompt: Write 2-3 creative, vivid tweets about navigating the electric pulse of the city where karachi, street, food, life, happiness, friend, hygiene becomes the heartbeat of modern existence. Build a compelling narrative around karachi, street, food, life, happiness, friend, hygiene with rich character development and atmospheric details. Use a dynamically observant and keenly aware, with a sharp eye for the poetry hidden in city rhythms tone that creates an immersive storytelling experience. Each tweet should transport readers to the moment, making them feel the textures, aromas, and emotions of the culinary journey."
"karachi, street, food, life, happiness, friend, hygiene",urban_life,"dynamically observant and keenly aware, with a sharp eye for the poetry hidden in city rhythms","""Generate 2 or 3 tweets on the basis of this prompt:"" followed by your intelligent, creative prompt:

Prompt: Karachi's culinary landscape unfolds like a complex tapestry, weaving together flavors from India & Pakistan to create unforgettable dishes, but behind each bite lies a story about life, friendship, & the pursuit of happiness. #urban_life #food_blogging (60)

Generate 2 or 3 tweets on the basis of this prompt:

Tweet 1:
üçΩÔ∏èIn Karachi‚Äôs streetside restaurants, you can taste the warmth of laughter shared over plates of succulent biryani & chai. But look closer & you might find that those smiles hide"
"karachi, street, food, life, happiness, friend, hygiene",urban_life,"dynamically observant and keenly aware, with a sharp eye for the poetry hidden in city rhythms","Generate 2 or 3 tweets on the basis of this prompt: Write 2-3 creative, vivid tweets about navigating the electric pulse of the city where karachi, street, food, life, happiness, friend, hygiene becomes the heartbeat of modern existence. Build a compelling narrative around karachi, street, food, life, happiness, friend, hygiene with rich character development and atmospheric details. Use a dynamically observant and keenly aware, with a sharp eye for the poetry hidden in city rhythms tone that creates an immersive storytelling experience. Each tweet should transport readers to the moment, making them feel the textures, aromas, and emotions of the culinary journey."
"karachi, street, food, life, happiness, friend, hygiene",urban_life,"dynamically observant and keenly aware, with a sharp eye for the poetry hidden in city rhythms","Generate 2 or 3 tweets on the basis of this prompt: Write 2-3 creative, vivid tweets about navigating the electric pulse of the city where karachi, street, food, life, happiness, friend, hygiene becomes the heartbeat of modern existence. Build a compelling narrative around karachi, street, food, life, happiness, friend, hygiene with rich character development and atmospheric details. Use a dynamically observant and keenly aware, with a sharp eye for the poetry hidden in city rhythms tone that creates an immersive storytelling experience. Each tweet should transport readers to the moment, making them feel the textures, aromas, and emotions of the culinary journey."
"food, love, tasty, environment, lovable",comfort,"warmly nurturing and lovingly gentle, with a soothing presence that feels like coming home","Generate 2 or 3 tweets on the basis of this prompt: Write 2-3 creative, vivid tweets about wrapping ourselves in the warm embrace of familiarity where food, love, tasty, environment, lovable becomes the soft blanket that soothes our soul. Build a compelling narrative around food, love, tasty, environment, lovable with rich character development and atmospheric details. Use a warmly nurturing and lovingly gentle, with a soothing presence that feels like coming home tone that creates an immersive storytelling experience. Each tweet should transport readers to the moment, making them feel the textures, aromas, and emotions of the culinary journey."
"food, love, tasty, environment, lovable",comfort,"warmly nurturing and lovingly gentle, with a soothing presence that feels like coming home","Generate 2 or 3 tweets on the basis of this prompt: Write 2-3 creative, vivid tweets about wrapping ourselves in the warm embrace of familiarity where food, love, tasty, environment, lovable becomes the soft blanket that soothes our soul. Build a compelling narrative around food, love, tasty, environment, lovable with rich character development and atmospheric details. Use a warmly nurturing and lovingly gentle, with a soothing presence that feels like coming home tone that creates an immersive storytelling experience. Each tweet should transport readers to the moment, making them feel the textures, aromas, and emotions of the culinary journey."
"food, love, tasty, environment, lovable",comfort,"warmly nurturing and lovingly gentle, with a soothing presence that feels like coming home","Generate 2 or 3 tweets on the basis of this prompt: Title: ""Savoring Comfort in Every Bite""

As you curl up in your favorite cozy spot, surrounded by soft blankets and humming ovens, you crave more than just sustenance - you yearn for comfort. In this food blog, delve into the depths of what makes food so lovable when it's crafted with care, dedication, and a dash of whimsy. Uncover the secret sauce (literally and figuratively!) behind the mouthwatering bites that transport us to a comfort zone where we savor life's joys and sorrows.

Meet Ember, a culinary artist with a gift for evoking memories and emotions through her dishes. With a wink and a smile, she guides you through a culinary journey steeped in tradition yet brimming with surprise, as if grandma were cooking right beside her. From fl"
